{
  "LEX_SAF_105_Synth_Pluck_Stack_Loop_Brandy_EbMaj.wav": {
    "valence": 0.14087700871004663,
    "arousal": -0.07922204608746347
  },
  "chicken.wav": {
    "valence": 0.9990000048833465,
    "arousal": 0.03265347988729884
  },
  "LEX_GSPBRJ_162_Piano_Loop_Living_Chords_Bmin.wav": {
    "valence": -0.022720088253910243,
    "arousal": -0.03665348391593502
  },
  "OS_VV2_70_piano_chords_laguna_C#m.wav": {
    "valence": 0.017269229200268073,
    "arousal": -0.09848493572463127
  },
  "110_Bm_KlessPad_01_TL.wav": {
    "valence": -0.49312899097807067,
    "arousal": -0.0009431984740648065
  },
  "PJ_DHII_94_Electric_Bass_Gems_Muted_Plucks_Bmaj.wav": {
    "valence": 0.2392545380367926,
    "arousal": 0.07758022558448556
  },
  "MO_TRNDY_130_synth_loop_arp_ringtone_Gbmaj.wav": {
    "valence": 0.8821221821661164,
    "arousal": -0.07019255940976572
  },
  "MO_PHR_100_synth_loop_glanta_soft_echos_Fmaj.wav": {
    "valence": -0.2291833702584361,
    "arousal": -0.1449014494074461
  },
  "OS_VS_90_piano_chords_greece_C#m.wav": {
    "valence": -0.04446377756446401,
    "arousal": -0.008062154409983497
  },
  "DEMOTAPES_134_songstarter_fairytale_airy_plucks_Amaj.wav": {
    "valence": 0.22578128071256973,
    "arousal": -0.014557881095920993
  },
  "SC_CD_120_cello_riff_soft_ten_bars_Dmin.wav": {
    "valence": -0.1338715964088636,
    "arousal": 0.1583448353322892
  },
  "SS_OSDB2_84_keys_acoustic_strictly_piano_chords_Cmin.wav": {
    "valence": 0.06661869801259565,
    "arousal": -0.08929175660345567
  },
  "AHA_LH_120_piano_loop_lost_romantics_alt_Cm.wav": {
    "valence": 0.7547596053818458,
    "arousal": -0.12802604907953477
  },
  "OS_VS2_85_electric_piano_chords_closemyeyes_Cm.wav": {
    "valence": -0.11436596472313222,
    "arousal": 0.005891981257979872
  },
  "OSS_HFG1_80_acoustic_guitar_steel_pop_soul_folk_rnb_warm_plucked_arp_waters_C#maj.wav": {
    "valence": 4.883346590821214e-09,
    "arousal": -0.23253501071565233
  },
  "SOUNDDOCTRINE_theunitedvoices_vocal_melodic_loop_12_vocal_choir_soul_gospel_organ_chords_148bpm_Ebmin.wav": {
    "valence": 0.6786285287815745,
    "arousal": 0.08446689658186977
  },
  "piano_5.wav": {
    "valence": -0.3069249675846592,
    "arousal": -0.00722953912083036
  },
  "KMRBI_RHS5_110_synth_pluck_loop_better_Emaj.wav": {
    "valence": 0.11242906864572408,
    "arousal": -0.07153552079180879
  },
  "ZEN_SHAV_122_pad_synth_loop_adore_Amin.wav": {
    "valence": -0.19472029225286597,
    "arousal": 0.05863678917452455
  },
  "UN_MTION_115_piano_electric_loop_nice_processing_happy_mood_Cmaj.wav": {
    "valence": 0.5620771749470757,
    "arousal": 0.03801413598938294
  },
  "Pads_Loops_DustyCloud_03_G#m_90.wav": {
    "valence": -0.33873495171082785,
    "arousal": 0.07222571761702444
  },
  "MO_DT_124_songstarter_bedtime_cute_plucks_Fmaj.wav": {
    "valence": -0.08845826478532155,
    "arousal": -0.019657515525007684
  },
  "piano_1.wav": {
    "valence": -0.2053794390241056,
    "arousal": -0.03495807129609274
  },
  "piano_3.wav": {
    "valence": -0.22374329361505174,
    "arousal": -0.04018491647041464
  },
  "piano_2.wav": {
    "valence": -0.14763135140265873,
    "arousal": -3.759342449013573e-09
  },
  "shs_eerie_atmos_pad_chord_Forget_D#m.wav": {
    "valence": -0.2573861231732753,
    "arousal": 0.08834135316368974
  },
  "OS_RAGE_146_synth_pad_chords_legit_G#m.wav": {
    "valence": -0.34354096412244467,
    "arousal": 0.09005702150000383
  },
  "KMRBI_RHS4_120_synth_pluck_vocal_loop_goodfeeling_Bmaj.wav": {
    "valence": 0.24186968630289057,
    "arousal": -0.08305996336659556
  },
  "OS_AD_95_synth_ambient_pad_melody_dexter_C#m.wav": {
    "valence": -0.04488617186463193,
    "arousal": -0.036761789382507924
  },
  "Bpm87_A_Regal_Multi_Keyboard.wav": {
    "valence": 0.04226280888312823,
    "arousal": -0.017489723862324173
  },
  "KMRBI_IMK2_120_synth_pluck_loop_round_G#maj.wav": {
    "valence": 0.8553201846692252,
    "arousal": -0.003480622672575003
  },
  "DIA_MKV_90_synth_pad_drone_ambient_adore_Bmaj.wav": {
    "valence": -0.10040653830330871,
    "arousal": 0.10115600908567257
  },
  "OS_VS2_87_electric_piano_chords_midnight_D#m.wav": {
    "valence": -0.21248732064685338,
    "arousal": 0.013465483729652146
  },
  "MO_SV1_136_melody_loop_precious_verse_Bmaj.wav": {
    "valence": 0.508642503628442,
    "arousal": 0.022548639001445468
  },
  "SC_CS_90_pizz_moving_marble_Gmaj.wav": {
    "valence": 0.3338813575682948,
    "arousal": 0.04344306040157864
  },
  "MO_TRNDY_120_synth_loop_granular_sine_Bmaj.wav": {
    "valence": 0.49860416127700674,
    "arousal": 0.07070765819834243
  },
  "MO_PHR_114_synth_loop_pluck_reverb_mod_Emaj.wav": {
    "valence": 0.13488237859467053,
    "arousal": 0.0006806196788304452
  },
  "OS_LL_96_piano_chords_someone_else_A#m.wav": {
    "valence": -0.14464351416980792,
    "arousal": -0.012495212637394509
  },
  "jc_cw_80bpm_guitar_plucks_loop_kingly_Abmaj..wav": {
    "valence": 0.1318105946465628,
    "arousal": 0.15509681711650988
  },
  "ZEN_PAR_120_pad_synth_zen_Fm.wav": {
    "valence": 0.4855196434928282,
    "arousal": 0.04309136955361858
  },
  "ff_lfth_126_kit_loop_batt_synth_Fmaj.wav": {
    "valence": 0.12794370669662172,
    "arousal": 0.03281798407064894
  },
  "OS_123_Bm_College_Music_Chords_2_1.wav": {
    "valence": -0.4919504924043647,
    "arousal": 0.06536498978550401
  },
  "CPA_ARD_103_synth_pad_cool_aid_A#m.wav": {
    "valence": -0.30916951035557566,
    "arousal": 0.11903332957616032
  }
}